uri,notation,label_de
https://w3id.org/rhonda/polmat/n01.1so.1,,n01.1so.1
https://w3id.org/rhonda/polmat/n01.1so.2,,n01.1so.2
https://w3id.org/rhonda/polmat/n01.1so.3,,n01.1so.3
https://w3id.org/rhonda/polmat/n01.1so.4,,n01.1so.4
https://w3id.org/rhonda/polmat/n01.1so.5,,n01.1so.5
https://w3id.org/rhonda/polmat/n01.1so.6,,n01.1so.6
https://w3id.org/rhonda/polmat/n01.1so.7,,n01.1so.7
https://w3id.org/rhonda/polmat/n01.2pso.1,,n01.2pso.1
https://w3id.org/rhonda/polmat/n01.2pso.2,,n01.2pso.2
https://w3id.org/rhonda/polmat/n01.2pso.3,,n01.2pso.3
https://w3id.org/rhonda/polmat/n01.2pso.4,,n01.2pso.4
https://w3id.org/rhonda/polmat/n01.3prh.1,,n01.3prh.1
https://w3id.org/rhonda/polmat/n01.3prh.2,,n01.3prh.2
https://w3id.org/rhonda/polmat/n01.3prh.3,,n01.3prh.3
https://w3id.org/rhonda/polmat/n01.4esp.1,,n01.4esp.1
https://w3id.org/rhonda/polmat/n01.4esp.2,,n01.4esp.2
https://w3id.org/rhonda/polmat/n01.4esp.3,,n01.4esp.3
https://w3id.org/rhonda/polmat/n01.4esp.4,,n01.4esp.4
https://w3id.org/rhonda/polmat/n01.4esp.5,,n01.4esp.5
https://w3id.org/rhonda/polmat/n01.4esp.6,,n01.4esp.6
https://w3id.org/rhonda/polmat/n01.4esp.7,,n01.4esp.7
https://w3id.org/rhonda/polmat/n01.5ldp.1,,n01.5ldp.1
https://w3id.org/rhonda/polmat/n01.5ldp.2,,n01.5ldp.2
https://w3id.org/rhonda/polmat/n01.5ldp.3,,n01.5ldp.3
https://w3id.org/rhonda/polmat/n01.5ldp.4,,n01.5ldp.4
